{
  "description": "Description",
  "label": "Merge Text Template",
  "category": "Text Functions",
  "icon": {
    "color": "Green",
    "name": "PlusIcon"
  },
  "options": [
    {
      "meta": {
        "type": "Map"
      },
      "info": "The template text you want to use to merge with the variables",
      "name": "templateText",
      "label": "Template Text"
    },
    {
      "info": "Select all the variables you want to have available in the template with a key",
      "label": "Template Variables",
      "meta": {
        "type": "Map"
      },
      "name": "variables"
    },
    {
      "meta": {
        "type": "Output",
        "output": {
          "type": "Text"
        }
      },
      "name": "result",
      "label": "As",
      "info": "The resulting text merged with the variables."
    }
  ],
  "yields": "NONE"
}
